Symbol,Expiry,Strike,CE_LTP,CE_OI,CE_Volume,PE_LTP,PE_OI,PE_Volume,Spot,%Change,timestamp,Max_Pain
NIFTY,2026-02-03,23300.0,1802.0,130,0,2.4,7578935,21271315,25418.9,0.3,2026-01-30 04:08:55,12426896
NIFTY,2026-02-03,23350.0,2073.2,65,65,2.6,595530,3943875,25418.9,0.3,2026-01-30 04:08:55,11918822
NIFTY,2026-02-03,23400.0,2022.9,455,65,2.7,2341430,6212310,25418.9,0.3,2026-01-30 04:08:55,11415379
NIFTY,2026-02-03,23450.0,1860.85,130,65,2.95,349700,2874885,25418.9,0.3,2026-01-30 04:08:55,10923248
NIFTY,2026-02-03,23500.0,1939.8,12610,1560,3.05,4857190,16301610,25418.9,0.3,2026-01-30 04:08:55,10433327
NIFTY,2026-02-03,23550.0,1684.25,195,0,3.2,379080,2895555,25418.9,0.3,2026-01-30 04:08:55,9968798
NIFTY,2026-02-03,23600.0,1792.1,2990,455,3.35,858065,6401330,25418.9,0.3,2026-01-30 04:08:55,9505113
NIFTY,2026-02-03,23650.0,1792.9,3445,1235,3.55,353470,4221685,25418.9,0.3,2026-01-30 04:08:55,9046069
NIFTY,2026-02-03,23700.0,1582.75,5005,1430,3.7,1468675,10646610,25418.9,0.3,2026-01-30 04:08:55,8589055
NIFTY,2026-02-03,23750.0,1690.55,8580,455,3.8,1640470,6656715,25418.9,0.3,2026-01-30 04:08:55,8139165
NIFTY,2026-02-03,23800.0,1675.0,1040,390,4.05,2862665,15173015,25418.9,0.3,2026-01-30 04:08:55,7698098
NIFTY,2026-02-03,23850.0,1591.25,520,65,4.25,1641640,6040580,25418.9,0.3,2026-01-30 04:08:55,7269538
NIFTY,2026-02-03,23900.0,1565.85,650,910,4.8,1678755,9317100,25418.9,0.3,2026-01-30 04:08:55,6849559
NIFTY,2026-02-03,23950.0,1495.55,520,455,5.25,579540,4745585,25418.9,0.3,2026-01-30 04:08:55,6437888
NIFTY,2026-02-03,24000.0,1449.3,211770,112905,5.55,6605820,29211585,25418.9,0.3,2026-01-30 04:08:55,6029595
NIFTY,2026-02-03,24050.0,1417.95,715,130,6.1,582530,5981625,25418.9,0.3,2026-01-30 04:08:55,5682642
NIFTY,2026-02-03,24100.0,1356.9,5200,9490,6.6,1471600,12973350,25418.9,0.3,2026-01-30 04:08:55,5311325
NIFTY,2026-02-03,24150.0,1333.3,650,2535,7.15,702845,8343465,25418.9,0.3,2026-01-30 04:08:55,4947381
NIFTY,2026-02-03,24200.0,1260.1,3250,14300,7.95,3972410,21222565,25418.9,0.3,2026-01-30 04:08:55,4586804
NIFTY,2026-02-03,24250.0,1219.45,2535,2470,8.75,622960,9729005,25418.9,0.3,2026-01-30 04:08:55,4243773
NIFTY,2026-02-03,24300.0,1161.0,11635,16185,9.55,3607630,19290310,25418.9,0.3,2026-01-30 04:08:55,3906381
NIFTY,2026-02-03,24350.0,1120.85,2405,2470,10.6,868530,9994465,25418.9,0.3,2026-01-30 04:08:55,3585228
NIFTY,2026-02-03,24400.0,1069.4,24765,15405,11.75,1775865,18515055,25418.9,0.3,2026-01-30 04:08:55,3269873
NIFTY,2026-02-03,24450.0,1011.55,24375,4810,13.3,621465,9713990,25418.9,0.3,2026-01-30 04:08:55,2964733
NIFTY,2026-02-03,24500.0,966.0,285155,587860,14.95,5440435,35314955,25418.9,0.3,2026-01-30 04:08:55,2663900
NIFTY,2026-02-03,24550.0,917.85,31200,12480,16.65,695435,10522525,25418.9,0.3,2026-01-30 04:08:55,2409469
NIFTY,2026-02-03,24600.0,869.25,80665,74815,18.55,3847740,25443860,25418.9,0.3,2026-01-30 04:08:55,2140964
NIFTY,2026-02-03,24650.0,821.4,33865,29055,21.25,866710,12381655,25418.9,0.3,2026-01-30 04:08:55,1890269
NIFTY,2026-02-03,24700.0,771.35,75075,188435,23.85,2336815,27780415,25418.9,0.3,2026-01-30 04:08:55,1645143
NIFTY,2026-02-03,24750.0,727.7,37700,100360,27.25,989690,15873520,25418.9,0.3,2026-01-30 04:08:55,1411354
NIFTY,2026-02-03,24800.0,680.9,165555,1226875,31.1,2853695,37466000,25418.9,0.3,2026-01-30 04:08:55,1182531
NIFTY,2026-02-03,24850.0,632.95,51155,264875,35.6,834535,19976255,25418.9,0.3,2026-01-30 04:08:55,971155
NIFTY,2026-02-03,24900.0,591.4,215345,1357005,40.9,3182400,42093090,25418.9,0.3,2026-01-30 04:08:55,762078
NIFTY,2026-02-03,24950.0,548.35,72605,716560,46.8,1319760,27656330,25418.9,0.3,2026-01-30 04:08:55,569441
NIFTY,2026-02-03,25000.0,503.95,2446535,11552320,53.75,6788210,86690305,25418.9,0.3,2026-01-30 04:08:55,381851
NIFTY,2026-02-03,25050.0,462.0,129480,2543320,62.2,1183130,31302765,25418.9,0.3,2026-01-30 04:08:55,329437
NIFTY,2026-02-03,25100.0,422.0,834015,17063215,71.25,3243565,64615915,25418.9,0.3,2026-01-30 04:08:55,195403
NIFTY,2026-02-03,25150.0,381.8,447070,18223400,82.5,1661920,58148090,25418.9,0.3,2026-01-30 04:08:55,95218
NIFTY,2026-02-03,25200.0,344.15,2298140,93981680,94.95,4482010,135740865,25418.9,0.3,2026-01-30 04:08:55,-3147
NIFTY,2026-02-03,25250.0,309.0,821925,76010220,108.5,2426775,91802880,25418.9,0.3,2026-01-30 04:08:55,-34437
NIFTY,2026-02-03,25300.0,274.9,3213080,153137010,125.05,4781985,147047225,25418.9,0.3,2026-01-30 04:08:55,-86951
NIFTY,2026-02-03,25350.0,244.05,1400945,73405215,143.0,1803165,50732565,25418.9,0.3,2026-01-30 04:08:55,-70027
NIFTY,2026-02-03,25400.0,214.0,3347565,113117485,163.1,3525080,70957055,25418.9,0.3,2026-01-30 04:08:55,-57207
NIFTY,2026-02-03,25450.0,186.8,1864915,57329935,185.75,1078610,24543025,25418.9,0.3,2026-01-30 04:08:55,-4284
NIFTY,2026-02-03,25500.0,162.05,5466565,111427225,210.9,2213510,28887040,25418.9,0.3,2026-01-30 04:08:55,64012
NIFTY,2026-02-03,25550.0,139.3,1305785,40898845,237.85,373880,4304625,25418.9,0.3,2026-01-30 04:08:55,197812
NIFTY,2026-02-03,25600.0,119.7,3231735,63510200,268.0,728910,5858190,25418.9,0.3,2026-01-30 04:08:55,307404
NIFTY,2026-02-03,25650.0,101.5,1285765,33671040,299.9,189150,1027715,25418.9,0.3,2026-01-30 04:08:55,446651
NIFTY,2026-02-03,25700.0,85.2,3336060,56540315,334.8,548405,1893255,25418.9,0.3,2026-01-30 04:08:55,581502
NIFTY,2026-02-03,25750.0,71.75,1175655,29588975,370.75,139100,489190,25418.9,0.3,2026-01-30 04:08:55,738459
NIFTY,2026-02-03,25800.0,60.0,3855085,49002980,408.3,723125,947895,25418.9,0.3,2026-01-30 04:08:55,895207
NIFTY,2026-02-03,25850.0,50.0,1182870,21223995,450.4,116805,121485,25418.9,0.3,2026-01-30 04:08:55,1065172
NIFTY,2026-02-03,25900.0,41.95,2149810,30026620,489.2,268450,354185,25418.9,0.3,2026-01-30 04:08:55,1248684
NIFTY,2026-02-03,25950.0,34.65,851890,16003585,535.0,43680,43030,25418.9,0.3,2026-01-30 04:08:55,1439519
NIFTY,2026-02-03,26000.0,28.65,9063535,63687390,576.65,981760,1717885,25418.9,0.3,2026-01-30 04:08:55,1639562
NIFTY,2026-02-03,26050.0,23.5,991900,14700400,625.3,37765,23725,25418.9,0.3,2026-01-30 04:08:55,1858569
NIFTY,2026-02-03,26100.0,19.8,3720795,23942945,669.3,318240,71630,25418.9,0.3,2026-01-30 04:08:55,2113341
NIFTY,2026-02-03,26150.0,16.45,628875,12855830,714.05,26910,6175,25418.9,0.3,2026-01-30 04:08:55,2374406
NIFTY,2026-02-03,26200.0,13.45,3222765,23433150,761.85,119730,49595,25418.9,0.3,2026-01-30 04:08:55,2651795
NIFTY,2026-02-03,26250.0,11.4,811980,12566190,804.2,29510,7475,25418.9,0.3,2026-01-30 04:08:55,2941997
NIFTY,2026-02-03,26300.0,9.5,3195725,19329375,860.0,129805,18525,25418.9,0.3,2026-01-30 04:08:55,3239746
NIFTY,2026-02-03,26350.0,8.0,1117155,10610535,899.9,5200,1105,25418.9,0.3,2026-01-30 04:08:55,3547443
NIFTY,2026-02-03,26400.0,6.7,3592095,19108635,955.0,25675,5330,25418.9,0.3,2026-01-30 04:08:55,3869304
NIFTY,2026-02-03,26450.0,5.8,759915,7674420,1001.35,1300,1430,25418.9,0.3,2026-01-30 04:08:55,4208783
NIFTY,2026-02-03,26500.0,4.85,7250945,28970630,1049.3,151515,21125,25418.9,0.3,2026-01-30 04:08:55,4552425
NIFTY,2026-02-03,26550.0,4.3,629265,6249425,1084.25,715,1105,25418.9,0.3,2026-01-30 04:08:55,4920386
NIFTY,2026-02-03,26600.0,3.8,1380730,17537195,1154.15,14040,2080,25418.9,0.3,2026-01-30 04:08:55,5304072
NIFTY,2026-02-03,26650.0,3.45,732095,5153655,1281.0,520,0,25418.9,0.3,2026-01-30 04:08:55,5693443
NIFTY,2026-02-03,26700.0,2.95,1791725,13097695,1253.7,6045,2015,25418.9,0.3,2026-01-30 04:08:55,6087758
NIFTY,2026-02-03,26750.0,2.6,350545,5589935,1384.1,3445,0,25418.9,0.3,2026-01-30 04:08:55,6490648
NIFTY,2026-02-03,26800.0,2.35,2337270,13826475,1337.7,7735,325,25418.9,0.3,2026-01-30 04:08:55,6895151
NIFTY,2026-02-03,26850.0,2.1,510380,5400135,1389.3,1235,780,25418.9,0.3,2026-01-30 04:08:55,7311279
NIFTY,2026-02-03,26900.0,2.0,1457820,9706255,1438.25,1170,260,25418.9,0.3,2026-01-30 04:08:55,7730386
NIFTY,2026-02-03,26950.0,1.8,786760,6233565,1495.45,455,650,25418.9,0.3,2026-01-30 04:08:55,8156976
NIFTY,2026-02-03,27000.0,1.8,6988605,26188760,1548.0,152620,16640,25418.9,0.3,2026-01-30 04:08:55,8587452
NIFTY,2026-02-03,27050.0,1.65,654615,4232410,1727.2,455,0,25418.9,0.3,2026-01-30 04:08:55,9031193
NIFTY,2026-02-03,27100.0,1.65,827710,5833035,1630.05,4680,4095,25418.9,0.3,2026-01-30 04:08:55,9500607
NIFTY,2026-02-03,27150.0,1.55,360425,3056430,1686.55,585,325,25418.9,0.3,2026-01-30 04:08:55,9973527
NIFTY,2026-02-03,27200.0,1.55,986895,5188105,1734.95,4160,455,25418.9,0.3,2026-01-30 04:08:55,10448835
NIFTY,2026-02-03,27250.0,1.45,246415,1953900,1803.75,520,520,25418.9,0.3,2026-01-30 04:08:55,10928573
NIFTY,2026-02-03,27300.0,1.45,1047995,6005220,2015.5,325,65,25418.9,0.3,2026-01-30 04:08:55,11410056
NIFTY,2026-02-03,27350.0,1.4,206960,2521415,1884.25,325,65,25418.9,0.3,2026-01-30 04:08:55,11896925
NIFTY,2026-02-03,27400.0,1.4,524030,3966495,1935.0,260,130,25418.9,0.3,2026-01-30 04:08:55,12384712
NIFTY,2026-02-03,27450.0,1.35,88140,1936220,2003.9,715,650,25418.9,0.3,2026-01-30 04:08:55,12875176
NIFTY,2026-02-03,27500.0,1.35,3469310,15009670,2046.25,11635,4940,25418.9,0.3,2026-01-30 04:08:55,13365929
NIFTY,2026-02-03,27550.0,1.35,257465,1965860,2229.05,195,0,25418.9,0.3,2026-01-30 04:08:55,13872306
NIFTY,2026-02-03,27600.0,1.3,811460,3850665,2315.2,260,65,25418.9,0.3,2026-01-30 04:08:55,14381876
NIFTY,2026-02-03,27650.0,1.25,260585,2328105,2300.0,325,0,25418.9,0.3,2026-01-30 04:08:55,14895557
NIFTY,2026-02-03,27700.0,1.3,822965,3247530,2234.55,455,195,25418.9,0.3,2026-01-30 04:08:55,15410456
NIFTY,2026-02-03,27750.0,1.2,177645,1487200,2524.05,260,0,25418.9,0.3,2026-01-30 04:08:55,15929520
NIFTY,2026-02-03,27800.0,1.2,1065740,4050215,2499.0,325,0,25418.9,0.3,2026-01-30 04:08:55,16449423
NIFTY,2026-02-03,27850.0,1.15,205205,1597245,2384.05,325,65,25418.9,0.3,2026-01-30 04:08:55,16974748
NIFTY,2026-02-03,27900.0,1.15,872040,2686515,2652.55,520,0,25418.9,0.3,2026-01-30 04:08:55,17500999
NIFTY,2026-02-03,27950.0,1.15,202475,935870,2502.05,520,390,25418.9,0.3,2026-01-30 04:08:55,18031630
NIFTY,2026-02-03,28000.0,1.15,3478020,5604235,2540.6,88595,28860,25418.9,0.3,2026-01-30 04:08:55,18563207
NIFTY,2026-02-03,28050.0,1.1,303420,1472575,2805.9,130,0,25418.9,0.3,2026-01-30 04:08:55,19090615
NIFTY,2026-02-03,28100.0,1.1,1077765,5127265,2784.1,390,0,25418.9,0.3,2026-01-30 04:08:55,19641646
BANKNIFTY,2026-02-24,51000.0,9135.0,24960,300,19.4,69210,423060,59957.85,0.602,2026-01-30 04:08:55,6076108
BANKNIFTY,2026-02-24,51500.0,8079.85,17310,0,21.05,65700,94050,59957.85,0.602,2026-01-30 04:08:55,5631287
BANKNIFTY,2026-02-24,52000.0,8150.0,127620,2490,25.4,147780,168660,59957.85,0.602,2026-01-30 04:08:55,5181797
BANKNIFTY,2026-02-24,52500.0,6680.0,60,0,27.55,35580,106200,59957.85,0.602,2026-01-30 04:08:55,4835863
BANKNIFTY,2026-02-24,53000.0,7200.0,15000,630,30.0,130530,162360,59957.85,0.602,2026-01-30 04:08:55,4388020
BANKNIFTY,2026-02-24,53500.0,6158.25,1050,0,37.0,48540,66180,59957.85,0.602,2026-01-30 04:08:55,3957918
BANKNIFTY,2026-02-24,53600.0,5674.9,30,0,0.0,0,0,59957.85,0.602,2026-01-30 04:08:55,3870779
BANKNIFTY,2026-02-24,53700.0,5577.75,30,0,0.0,0,0,59957.85,0.602,2026-01-30 04:08:55,3783191
BANKNIFTY,2026-02-24,53800.0,5021.05,60,0,39.7,10560,19980,59957.85,0.602,2026-01-30 04:08:55,3695602
BANKNIFTY,2026-02-24,53900.0,4926.8,60,0,42.25,19410,11910,59957.85,0.602,2026-01-30 04:08:55,3608091
BANKNIFTY,2026-02-24,54000.0,6111.0,24900,660,40.0,230490,185490,59957.85,0.602,2026-01-30 04:08:55,3520734
BANKNIFTY,2026-02-24,54100.0,4726.6,60,0,44.65,4140,9450,59957.85,0.602,2026-01-30 04:08:55,3450278
BANKNIFTY,2026-02-24,54200.0,4641.2,60,0,44.05,7500,21420,59957.85,0.602,2026-01-30 04:08:55,3365579
BANKNIFTY,2026-02-24,54300.0,4547.0,30,0,46.0,3420,5220,59957.85,0.602,2026-01-30 04:08:55,3280941
BANKNIFTY,2026-02-24,54400.0,4451.2,60,0,47.4,5100,10920,59957.85,0.602,2026-01-30 04:08:55,3196341
BANKNIFTY,2026-02-24,54500.0,5338.0,13140,0,46.15,68700,82050,59957.85,0.602,2026-01-30 04:08:55,3111796
BANKNIFTY,2026-02-24,54600.0,4264.6,60,0,51.85,3810,5760,59957.85,0.602,2026-01-30 04:08:55,3034765
BANKNIFTY,2026-02-24,54700.0,4608.35,90,0,53.9,4350,4560,59957.85,0.602,2026-01-30 04:08:55,2951081
BANKNIFTY,2026-02-24,54800.0,4076.8,60,0,51.2,10590,34230,59957.85,0.602,2026-01-30 04:08:55,2867453
BANKNIFTY,2026-02-24,54900.0,3985.4,60,0,54.65,4710,6630,59957.85,0.602,2026-01-30 04:08:55,2783885
BANKNIFTY,2026-02-24,55000.0,5220.0,94590,27930,56.1,264990,441390,59957.85,0.602,2026-01-30 04:08:55,2700392
BANKNIFTY,2026-02-24,55100.0,4232.3,30,0,58.15,6210,16740,59957.85,0.602,2026-01-30 04:08:55,2668386
BANKNIFTY,2026-02-24,55200.0,3633.5,60,0,60.15,4590,12210,59957.85,0.602,2026-01-30 04:08:55,2588529
BANKNIFTY,2026-02-24,55300.0,4300.0,120,0,62.7,10050,9180,59957.85,0.602,2026-01-30 04:08:55,2508737
BANKNIFTY,2026-02-24,55400.0,3948.95,60,0,66.75,5640,14670,59957.85,0.602,2026-01-30 04:08:55,2429041
BANKNIFTY,2026-02-24,55500.0,4737.6,7890,390,69.7,78870,217410,59957.85,0.602,2026-01-30 04:08:55,2349399
BANKNIFTY,2026-02-24,55600.0,3763.25,150,0,72.1,7470,16050,59957.85,0.602,2026-01-30 04:08:55,2273827
BANKNIFTY,2026-02-24,55700.0,3705.45,60,0,73.15,70170,53010,59957.85,0.602,2026-01-30 04:08:55,2195146
BANKNIFTY,2026-02-24,55800.0,3499.85,150,0,78.45,12360,38070,59957.85,0.602,2026-01-30 04:08:55,2116673
BANKNIFTY,2026-02-24,55900.0,3409.4,90,0,82.0,9330,42300,59957.85,0.602,2026-01-30 04:08:55,2038772
BANKNIFTY,2026-02-24,56000.0,4260.0,58230,5130,84.65,228600,505380,59957.85,0.602,2026-01-30 04:08:55,1960964
BANKNIFTY,2026-02-24,56100.0,3246.45,120,0,89.5,8370,23040,59957.85,0.602,2026-01-30 04:08:55,1908940
BANKNIFTY,2026-02-24,56200.0,3250.6,60,0,91.8,10920,19620,59957.85,0.602,2026-01-30 04:08:55,1834095
BANKNIFTY,2026-02-24,56300.0,3021.0,360,0,99.7,7800,18900,59957.85,0.602,2026-01-30 04:08:55,1759315
BANKNIFTY,2026-02-24,56400.0,3070.3,210,0,105.95,6930,34050,59957.85,0.602,2026-01-30 04:08:55,1684728
BANKNIFTY,2026-02-24,56500.0,3800.0,17130,1050,108.0,288600,360660,59957.85,0.602,2026-01-30 04:08:55,1610173
BANKNIFTY,2026-02-24,56600.0,3196.95,180,0,115.2,7440,24960,59957.85,0.602,2026-01-30 04:08:55,1542076
BANKNIFTY,2026-02-24,56700.0,2782.35,150,0,119.6,8370,27480,59957.85,0.602,2026-01-30 04:08:55,1470635
BANKNIFTY,2026-02-24,56800.0,3125.7,960,0,124.45,12360,47040,59957.85,0.602,2026-01-30 04:08:55,1399249
BANKNIFTY,2026-02-24,56900.0,2612.3,210,0,134.55,17430,42540,59957.85,0.602,2026-01-30 04:08:55,1328201
BANKNIFTY,2026-02-24,57000.0,3350.75,91320,8760,142.0,488880,701370,59957.85,0.602,2026-01-30 04:08:55,1257003
BANKNIFTY,2026-02-24,57100.0,2272.15,330,0,148.0,18330,62610,59957.85,0.602,2026-01-30 04:08:55,1215444
BANKNIFTY,2026-02-24,57200.0,2566.35,600,0,155.35,19170,104850,59957.85,0.602,2026-01-30 04:08:55,1150218
BANKNIFTY,2026-02-24,57300.0,2558.4,300,0,164.95,18120,111180,59957.85,0.602,2026-01-30 04:08:55,1085243
BANKNIFTY,2026-02-24,57400.0,2610.3,510,30,174.3,34680,61890,59957.85,0.602,2026-01-30 04:08:55,1020373
BANKNIFTY,2026-02-24,57500.0,2900.0,27420,3930,185.75,281010,523770,59957.85,0.602,2026-01-30 04:08:55,955606
BANKNIFTY,2026-02-24,57600.0,2730.0,720,30,195.0,22800,88560,59957.85,0.602,2026-01-30 04:08:55,897126
BANKNIFTY,2026-02-24,57700.0,2383.95,1740,0,209.25,36210,84750,59957.85,0.602,2026-01-30 04:08:55,835902
BANKNIFTY,2026-02-24,57800.0,2572.6,1800,480,218.55,49620,152610,59957.85,0.602,2026-01-30 04:08:55,774963
BANKNIFTY,2026-02-24,57900.0,2487.2,510,180,228.6,40530,88440,59957.85,0.602,2026-01-30 04:08:55,714259
BANKNIFTY,2026-02-24,58000.0,2444.55,83910,32190,247.5,744450,1213980,59957.85,0.602,2026-01-30 04:08:55,653787
BANKNIFTY,2026-02-24,58100.0,2315.6,2640,690,260.65,55020,241080,59957.85,0.602,2026-01-30 04:08:55,604486
BANKNIFTY,2026-02-24,58200.0,2298.05,4260,4560,275.1,42780,137220,59957.85,0.602,2026-01-30 04:08:55,552851
BANKNIFTY,2026-02-24,58300.0,2175.0,4980,1260,295.45,35310,221970,59957.85,0.602,2026-01-30 04:08:55,502311
BANKNIFTY,2026-02-24,58400.0,2066.85,6810,1620,314.5,43980,159270,59957.85,0.602,2026-01-30 04:08:55,452413
BANKNIFTY,2026-02-24,58500.0,2045.0,88770,67680,330.0,587370,1004160,59957.85,0.602,2026-01-30 04:08:55,403006
BANKNIFTY,2026-02-24,58600.0,1957.95,10890,8160,350.15,53310,215010,59957.85,0.602,2026-01-30 04:08:55,359107
BANKNIFTY,2026-02-24,58700.0,1886.45,12300,6810,370.95,65430,196200,59957.85,0.602,2026-01-30 04:08:55,317346
BANKNIFTY,2026-02-24,58800.0,1803.4,16470,6960,392.7,87180,316590,59957.85,0.602,2026-01-30 04:08:55,275989
BANKNIFTY,2026-02-24,58900.0,1736.2,11370,12090,412.7,45510,192840,59957.85,0.602,2026-01-30 04:08:55,235322
BANKNIFTY,2026-02-24,59000.0,1650.0,295440,389940,438.95,721680,1470780,59957.85,0.602,2026-01-30 04:08:55,195773
BANKNIFTY,2026-02-24,59100.0,1577.8,44520,29910,460.85,56430,235590,59957.85,0.602,2026-01-30 04:08:55,183369
BANKNIFTY,2026-02-24,59200.0,1522.0,42360,123930,484.8,96240,540510,59957.85,0.602,2026-01-30 04:08:55,159329
BANKNIFTY,2026-02-24,59300.0,1471.15,28920,252960,519.65,72990,519960,59957.85,0.602,2026-01-30 04:08:55,134032
BANKNIFTY,2026-02-24,59400.0,1381.0,59640,747450,551.05,163170,1184850,59957.85,0.602,2026-01-30 04:08:55,108435
BANKNIFTY,2026-02-24,59500.0,1300.1,306540,1922460,580.0,589440,2650290,59957.85,0.602,2026-01-30 04:08:55,83849
BANKNIFTY,2026-02-24,59600.0,1246.0,73800,1204110,610.05,135690,1109610,59957.85,0.602,2026-01-30 04:08:55,74644
BANKNIFTY,2026-02-24,59700.0,1179.85,115080,1234320,647.95,147690,1104810,59957.85,0.602,2026-01-30 04:08:55,62785
BANKNIFTY,2026-02-24,59800.0,1114.85,130830,1432590,681.8,131880,1105080,59957.85,0.602,2026-01-30 04:08:55,56645
BANKNIFTY,2026-02-24,59900.0,1050.0,106500,1117140,723.0,112590,805560,59957.85,0.602,2026-01-30 04:08:55,54718
BANKNIFTY,2026-02-24,60000.0,990.95,1650810,3640770,761.05,1643670,1868460,59957.85,0.602,2026-01-30 04:08:55,52430
BANKNIFTY,2026-02-24,60100.0,937.0,141090,642990,806.0,86160,309510,59957.85,0.602,2026-01-30 04:08:55,118540
BANKNIFTY,2026-02-24,60200.0,886.1,98370,632820,848.0,77940,331560,59957.85,0.602,2026-01-30 04:08:55,154702
BANKNIFTY,2026-02-24,60300.0,829.75,39420,358230,891.0,48390,143340,59957.85,0.602,2026-01-30 04:08:55,188459
BANKNIFTY,2026-02-24,60400.0,777.15,38280,328620,944.05,13650,41850,59957.85,0.602,2026-01-30 04:08:55,219947
BANKNIFTY,2026-02-24,60500.0,726.2,273120,1260090,987.15,128940,356250,59957.85,0.602,2026-01-30 04:08:55,254681
BANKNIFTY,2026-02-24,60600.0,679.0,39420,438960,1043.05,5760,15210,59957.85,0.602,2026-01-30 04:08:55,298854
BANKNIFTY,2026-02-24,60700.0,630.85,42690,320760,1096.2,8010,24450,59957.85,0.602,2026-01-30 04:08:55,338450
BANKNIFTY,2026-02-24,60800.0,590.05,50970,489360,1163.35,11310,10560,59957.85,0.602,2026-01-30 04:08:55,378292
BANKNIFTY,2026-02-24,60900.0,547.0,50910,247530,1209.5,23460,7800,59957.85,0.602,2026-01-30 04:08:55,418633
BANKNIFTY,2026-02-24,61000.0,510.65,432630,1498170,1279.0,119790,139500,59957.85,0.602,2026-01-30 04:08:55,457974
BANKNIFTY,2026-02-24,61100.0,470.0,44910,209790,1323.0,2070,2550,59957.85,0.602,2026-01-30 04:08:55,509662
BANKNIFTY,2026-02-24,61200.0,436.8,33030,260580,1399.2,16980,35370,59957.85,0.602,2026-01-30 04:08:55,556886
BANKNIFTY,2026-02-24,61300.0,405.9,44250,176550,1505.4,660,120,59957.85,0.602,2026-01-30 04:08:55,601841
BANKNIFTY,2026-02-24,61400.0,377.0,25170,128220,1545.0,840,1080,59957.85,0.602,2026-01-30 04:08:55,649874
BANKNIFTY,2026-02-24,61500.0,348.7,220950,723210,1608.0,41250,92430,59957.85,0.602,2026-01-30 04:08:55,697290
BANKNIFTY,2026-02-24,61600.0,318.75,19470,152910,1721.35,570,690,59957.85,0.602,2026-01-30 04:08:55,747580
BANKNIFTY,2026-02-24,61700.0,295.0,25980,224730,2085.45,240,0,59957.85,0.602,2026-01-30 04:08:55,797521
BANKNIFTY,2026-02-24,61800.0,270.7,27180,208350,2810.0,510,0,59957.85,0.602,2026-01-30 04:08:55,847919
BANKNIFTY,2026-02-24,61900.0,252.85,81120,281250,1864.15,90,120,59957.85,0.602,2026-01-30 04:08:55,898469
BANKNIFTY,2026-02-24,62000.0,233.0,538200,1256100,1985.0,63660,16680,59957.85,0.602,2026-01-30 04:08:55,951274
BANKNIFTY,2026-02-24,62100.0,212.95,20730,92100,2931.5,90,0,59957.85,0.602,2026-01-30 04:08:55,1007966
BANKNIFTY,2026-02-24,62200.0,195.25,20730,95070,3214.2,120,0,59957.85,0.602,2026-01-30 04:08:55,1065378
BANKNIFTY,2026-02-24,62300.0,178.15,21720,84990,3095.7,30,0,59957.85,0.602,2026-01-30 04:08:55,1122950
BANKNIFTY,2026-02-24,62400.0,162.35,8820,69900,3498.45,60,0,59957.85,0.602,2026-01-30 04:08:55,1180751
BANKNIFTY,2026-02-24,62500.0,149.0,197010,444780,2388.15,3870,5250,59957.85,0.602,2026-01-30 04:08:55,1238385
BANKNIFTY,2026-02-24,62600.0,138.6,18870,108360,3209.95,90,0,59957.85,0.602,2026-01-30 04:08:55,1299917
BANKNIFTY,2026-02-24,62700.0,125.0,28410,124830,3332.55,120,0,59957.85,0.602,2026-01-30 04:08:55,1359859
BANKNIFTY,2026-02-24,62800.0,116.3,38130,123270,3531.65,30,0,59957.85,0.602,2026-01-30 04:08:55,1420170
BANKNIFTY,2026-02-24,62900.0,107.1,13770,94290,3684.1,60,0,59957.85,0.602,2026-01-30 04:08:55,1480980
BANKNIFTY,2026-02-24,63000.0,98.0,344700,627000,2845.95,73590,18720,59957.85,0.602,2026-01-30 04:08:55,1541621
BANKNIFTY,2026-02-24,63100.0,90.15,34620,64680,3838.4,30,0,59957.85,0.602,2026-01-30 04:08:55,1588754
BANKNIFTY,2026-02-24,63200.0,83.0,16650,59940,3780.7,60,0,59957.85,0.602,2026-01-30 04:08:55,1654099
BANKNIFTY,2026-02-24,63300.0,76.3,27180,50520,4026.05,90,0,59957.85,0.602,2026-01-30 04:08:55,1719427
BANKNIFTY,2026-02-24,63400.0,69.8,15150,66570,4149.45,30,0,59957.85,0.602,2026-01-30 04:08:55,1785082
BANKNIFTY,2026-02-24,63500.0,65.6,94770,221070,3754.0,240,0,59957.85,0.602,2026-01-30 04:08:55,1850812
BANKNIFTY,2026-02-24,63600.0,65.3,7410,36900,4338.25,120,0,59957.85,0.602,2026-01-30 04:08:55,1917930
BANKNIFTY,2026-02-24,63700.0,59.4,8640,44010,4434.05,180,0,59957.85,0.602,2026-01-30 04:08:55,1984588
BANKNIFTY,2026-02-24,63800.0,51.0,8100,51060,4374.3,30,0,59957.85,0.602,2026-01-30 04:08:55,2051310
BANKNIFTY,2026-02-24,63900.0,47.6,9840,42300,4441.3,30,0,59957.85,0.602,2026-01-30 04:08:55,2118169
BANKNIFTY,2026-02-24,64000.0,48.0,262020,362580,3770.0,28650,8160,59957.85,0.602,2026-01-30 04:08:55,2185133
BANKNIFTY,2026-02-24,64100.0,44.05,4890,19050,4406.65,90,0,59957.85,0.602,2026-01-30 04:08:55,2245426
BANKNIFTY,2026-02-24,64200.0,37.8,3000,26100,4496.95,90,0,59957.85,0.602,2026-01-30 04:08:55,2315295
BANKNIFTY,2026-02-24,64300.0,36.3,7650,18990,4594.75,90,0,59957.85,0.602,2026-01-30 04:08:55,2385183
BANKNIFTY,2026-02-24,64400.0,37.8,7470,18780,4670.25,90,0,59957.85,0.602,2026-01-30 04:08:55,2455164
BANKNIFTY,2026-02-24,64500.0,35.0,77040,163470,4300.0,750,30,59957.85,0.602,2026-01-30 04:08:55,2525221
BANKNIFTY,2026-02-24,64600.0,29.1,3660,16380,4887.65,90,0,59957.85,0.602,2026-01-30 04:08:55,2596016
BANKNIFTY,2026-02-24,64700.0,29.3,2670,11490,5420.2,30,0,59957.85,0.602,2026-01-30 04:08:55,2666869
BANKNIFTY,2026-02-24,64800.0,29.3,5340,11610,5518.3,30,0,59957.85,0.602,2026-01-30 04:08:55,2737773
BANKNIFTY,2026-02-24,64900.0,28.3,5160,43110,5161.75,60,0,59957.85,0.602,2026-01-30 04:08:55,2808738
BANKNIFTY,2026-02-24,65000.0,25.4,346500,408840,4728.1,64470,10650,59957.85,0.602,2026-01-30 04:08:55,2879741
BANKNIFTY,2026-02-24,65100.0,24.55,11790,47220,5360.35,60,0,59957.85,0.602,2026-01-30 04:08:55,2925267
BANKNIFTY,2026-02-24,65200.0,23.1,2730,9450,5455.8,60,0,59957.85,0.602,2026-01-30 04:08:55,3000511
BANKNIFTY,2026-02-24,65500.0,22.5,25050,83940,5751.95,60,0,59957.85,0.602,2026-01-30 04:08:55,3226309
BANKNIFTY,2026-02-24,66000.0,17.4,65730,220200,5797.25,4140,180,59957.85,0.602,2026-01-30 04:08:55,3603960
BANKNIFTY,2026-02-24,66500.0,14.7,41670,145140,6681.25,1020,0,59957.85,0.602,2026-01-30 04:08:55,3982798
BANKNIFTY,2026-02-24,67000.0,11.85,38910,164850,6755.0,31080,1230,59957.85,0.602,2026-01-30 04:08:55,4365435
BANKNIFTY,2026-02-24,67500.0,9.7,135090,436680,7201.35,6150,360,59957.85,0.602,2026-01-30 04:08:55,4731243
MIDCPNIFTY,2026-02-24,11600.0,0.0,0,0,6.35,161640,95880,0.0,0.0,2026-01-30 04:08:55,525324
MIDCPNIFTY,2026-02-24,11700.0,0.0,0,0,7.3,57360,32640,0.0,0.0,2026-01-30 04:08:55,474252
MIDCPNIFTY,2026-02-24,11800.0,0.0,0,0,8.2,168480,125280,0.0,0.0,2026-01-30 04:08:55,423813
MIDCPNIFTY,2026-02-24,11900.0,0.0,0,0,10.0,84240,120720,0.0,0.0,2026-01-30 04:08:55,374964
MIDCPNIFTY,2026-02-24,12000.0,1274.25,2760,0,13.25,398280,450120,0.0,0.0,2026-01-30 04:08:55,327010
MIDCPNIFTY,2026-02-24,12100.0,0.0,0,0,16.45,43080,92400,0.0,0.0,2026-01-30 04:08:55,282975
MIDCPNIFTY,2026-02-24,12200.0,1001.4,1680,0,21.5,137640,304800,0.0,0.0,2026-01-30 04:08:55,239476
MIDCPNIFTY,2026-02-24,12300.0,0.0,0,0,27.7,196560,739200,0.0,0.0,2026-01-30 04:08:55,197314
MIDCPNIFTY,2026-02-24,12325.0,0.0,0,0,28.05,2400,6120,0.0,0.0,2026-01-30 04:08:55,186752
MIDCPNIFTY,2026-02-24,12350.0,0.0,0,0,29.75,6720,5760,0.0,0.0,2026-01-30 04:08:55,176734
MIDCPNIFTY,2026-02-24,12375.0,0.0,0,0,34.0,2640,5280,0.0,0.0,2026-01-30 04:08:55,166720
MIDCPNIFTY,2026-02-24,12400.0,0.0,0,0,34.2,100680,337320,0.0,0.0,2026-01-30 04:08:55,156723
MIDCPNIFTY,2026-02-24,12425.0,0.0,0,0,38.0,2760,5160,0.0,0.0,2026-01-30 04:08:55,146642
MIDCPNIFTY,2026-02-24,12450.0,0.0,0,0,38.95,4560,15000,0.0,0.0,2026-01-30 04:08:55,136902
MIDCPNIFTY,2026-02-24,12475.0,0.0,0,0,41.4,2280,8760,0.0,0.0,2026-01-30 04:08:55,127167
MIDCPNIFTY,2026-02-24,12500.0,989.25,9240,5280,43.7,729600,1094160,0.0,0.0,2026-01-30 04:08:55,117445
MIDCPNIFTY,2026-02-24,12525.0,0.0,0,0,46.0,3240,5520,0.0,0.0,2026-01-30 04:08:55,107306
MIDCPNIFTY,2026-02-24,12550.0,0.0,0,0,48.9,4440,12720,0.0,0.0,2026-01-30 04:08:55,99434
MIDCPNIFTY,2026-02-24,12575.0,0.0,0,0,51.3,3600,6120,0.0,0.0,2026-01-30 04:08:55,91566
MIDCPNIFTY,2026-02-24,12600.0,784.25,120,0,54.0,120120,322200,0.0,0.0,2026-01-30 04:08:55,83711
MIDCPNIFTY,2026-02-24,12625.0,0.0,0,0,56.6,5040,17640,0.0,0.0,2026-01-30 04:08:55,75535
MIDCPNIFTY,2026-02-24,12650.0,0.0,0,0,59.55,6120,11160,0.0,0.0,2026-01-30 04:08:55,67983
MIDCPNIFTY,2026-02-24,12675.0,0.0,0,0,63.6,1800,2280,0.0,0.0,2026-01-30 04:08:55,60438
MIDCPNIFTY,2026-02-24,12700.0,756.2,840,120,67.0,128160,246720,0.0,0.0,2026-01-30 04:08:55,52923
MIDCPNIFTY,2026-02-24,12725.0,0.0,0,0,70.4,6240,12120,0.0,0.0,2026-01-30 04:08:55,44946
MIDCPNIFTY,2026-02-24,12750.0,0.0,0,0,73.95,14280,38040,0.0,0.0,2026-01-30 04:08:55,37737
MIDCPNIFTY,2026-02-24,12775.0,0.0,0,0,81.4,4920,3480,0.0,0.0,2026-01-30 04:08:55,30501
MIDCPNIFTY,2026-02-24,12800.0,711.2,1320,2040,82.9,173040,488640,0.0,0.0,2026-01-30 04:08:55,23343
MIDCPNIFTY,2026-02-24,12825.0,0.0,0,0,89.75,4200,6240,0.0,0.0,2026-01-30 04:08:55,15321
MIDCPNIFTY,2026-02-24,12850.0,0.0,0,0,91.6,8520,23880,0.0,0.0,2026-01-30 04:08:55,8611
MIDCPNIFTY,2026-02-24,12875.0,0.0,0,0,96.3,4560,10680,0.0,0.0,2026-01-30 04:08:55,1883
MIDCPNIFTY,2026-02-24,12900.0,625.0,1320,120,101.0,154080,512520,0.0,0.0,2026-01-30 04:08:55,-4798
MIDCPNIFTY,2026-02-24,12925.0,0.0,0,0,107.3,4200,8880,0.0,0.0,2026-01-30 04:08:55,-12522
MIDCPNIFTY,2026-02-24,12950.0,261.2,120,0,113.0,6600,10800,0.0,0.0,2026-01-30 04:08:55,-18807
MIDCPNIFTY,2026-02-24,12975.0,0.0,0,0,119.45,3600,6960,0.0,0.0,2026-01-30 04:08:55,-25101
MIDCPNIFTY,2026-02-24,13000.0,575.0,321240,68520,127.0,836400,944280,0.0,0.0,2026-01-30 04:08:55,-31358
MIDCPNIFTY,2026-02-24,13025.0,548.75,4080,1200,130.0,6240,4800,0.0,0.0,2026-01-30 04:08:55,-26829
MIDCPNIFTY,2026-02-24,13050.0,548.95,6840,2400,138.0,23640,22920,0.0,0.0,2026-01-30 04:08:55,-29980
MIDCPNIFTY,2026-02-24,13075.0,493.75,3120,600,146.0,3360,4920,0.0,0.0,2026-01-30 04:08:55,-33149
MIDCPNIFTY,2026-02-24,13100.0,502.75,98160,26400,151.95,176520,263400,0.0,0.0,2026-01-30 04:08:55,-36245
MIDCPNIFTY,2026-02-24,13125.0,441.3,3600,240,156.1,4200,6480,0.0,0.0,2026-01-30 04:08:55,-36508
MIDCPNIFTY,2026-02-24,13150.0,473.45,7800,5280,169.15,9840,40440,0.0,0.0,2026-01-30 04:08:55,-38910
MIDCPNIFTY,2026-02-24,13175.0,420.35,4440,840,176.1,11640,46320,0.0,0.0,2026-01-30 04:08:55,-41158
MIDCPNIFTY,2026-02-24,13200.0,434.95,119160,204240,181.05,252840,689280,0.0,0.0,2026-01-30 04:08:55,-43587
MIDCPNIFTY,2026-02-24,13225.0,425.9,12000,8280,192.0,16800,31440,0.0,0.0,2026-01-30 04:08:55,-44463
MIDCPNIFTY,2026-02-24,13250.0,396.75,30480,77760,199.25,43560,105240,0.0,0.0,2026-01-30 04:08:55,-45684
MIDCPNIFTY,2026-02-24,13275.0,382.1,18240,41760,210.65,26520,83040,0.0,0.0,2026-01-30 04:08:55,-46567
MIDCPNIFTY,2026-02-24,13300.0,374.2,306600,1038120,221.9,322200,1183080,0.0,0.0,2026-01-30 04:08:55,-47540
MIDCPNIFTY,2026-02-24,13325.0,352.1,15120,173280,228.75,26400,151680,0.0,0.0,2026-01-30 04:08:55,-42757
MIDCPNIFTY,2026-02-24,13350.0,343.95,34920,422040,242.0,50640,517680,0.0,0.0,2026-01-30 04:08:55,-42265
MIDCPNIFTY,2026-02-24,13375.0,335.3,24240,235560,250.9,25560,137520,0.0,0.0,2026-01-30 04:08:55,-41512
MIDCPNIFTY,2026-02-24,13400.0,310.0,220080,1389120,264.6,222960,974640,0.0,0.0,2026-01-30 04:08:55,-40438
MIDCPNIFTY,2026-02-24,13425.0,301.65,21240,114360,269.6,17640,53520,0.0,0.0,2026-01-30 04:08:55,-37506
MIDCPNIFTY,2026-02-24,13450.0,285.0,30360,122160,296.0,16560,59760,0.0,0.0,2026-01-30 04:08:55,-35234
MIDCPNIFTY,2026-02-24,13475.0,279.35,7200,23280,294.95,4920,4920,0.0,0.0,2026-01-30 04:08:55,-32634
MIDCPNIFTY,2026-02-24,13500.0,255.1,386520,1321800,303.45,250920,373200,0.0,0.0,2026-01-30 04:08:55,-30324
MIDCPNIFTY,2026-02-24,13525.0,249.85,5160,26040,319.2,2520,960,0.0,0.0,2026-01-30 04:08:55,-24230
MIDCPNIFTY,2026-02-24,13550.0,237.45,8880,25200,325.8,1320,600,0.0,0.0,2026-01-30 04:08:55,-20314
MIDCPNIFTY,2026-02-24,13575.0,225.6,1680,3480,0.0,0,0,0.0,0.0,2026-01-30 04:08:55,-16253
MIDCPNIFTY,2026-02-24,13600.0,210.3,120840,423360,358.45,30120,16080,0.0,0.0,2026-01-30 04:08:55,-12318
MIDCPNIFTY,2026-02-24,13625.0,200.0,3960,9240,404.35,1560,0,0.0,0.0,2026-01-30 04:08:55,-6582
MIDCPNIFTY,2026-02-24,13650.0,191.15,3720,26880,415.0,600,0,0.0,0.0,2026-01-30 04:08:55,-2278
MIDCPNIFTY,2026-02-24,13675.0,183.0,4080,13920,0.0,0,0,0.0,0.0,2026-01-30 04:08:55,2066
MIDCPNIFTY,2026-02-24,13700.0,167.55,167640,956520,410.0,15960,15480,0.0,0.0,2026-01-30 04:08:55,6450
MIDCPNIFTY,2026-02-24,13725.0,161.0,6720,10800,0.0,0,0,0.0,0.0,2026-01-30 04:08:55,13373
MIDCPNIFTY,2026-02-24,13750.0,149.85,9000,21960,500.0,0,360,0.0,0.0,2026-01-30 04:08:55,18266
MIDCPNIFTY,2026-02-24,13775.0,132.0,8640,11760,0.0,0,0,0.0,0.0,2026-01-30 04:08:55,23208
MIDCPNIFTY,2026-02-24,13800.0,126.75,128040,417000,472.0,13080,5640,0.0,0.0,2026-01-30 04:08:55,28151
MIDCPNIFTY,2026-02-24,13825.0,122.65,7680,11400,0.0,0,0,0.0,0.0,2026-01-30 04:08:55,34339
MIDCPNIFTY,2026-02-24,13850.0,117.0,15600,39000,544.05,840,0,0.0,0.0,2026-01-30 04:08:55,39634
MIDCPNIFTY,2026-02-24,13875.0,111.9,6360,16440,0.0,0,0,0.0,0.0,2026-01-30 04:08:55,45013
MIDCPNIFTY,2026-02-24,13900.0,101.15,87720,288240,575.0,5280,480,0.0,0.0,2026-01-30 04:08:55,50342
MIDCPNIFTY,2026-02-24,13925.0,96.85,6720,22560,0.0,0,0,0.0,0.0,2026-01-30 04:08:55,56417
MIDCPNIFTY,2026-02-24,13950.0,89.05,11880,30840,284.8,0,0,0.0,0.0,2026-01-30 04:08:55,61989
MIDCPNIFTY,2026-02-24,13975.0,83.15,7200,19320,0.0,0,0,0.0,0.0,2026-01-30 04:08:55,67632
MIDCPNIFTY,2026-02-24,14000.0,75.45,468720,1286280,624.0,73680,27240,0.0,0.0,2026-01-30 04:08:55,73247
MIDCPNIFTY,2026-02-24,14025.0,71.4,6000,16320,770.0,0,0,0.0,0.0,2026-01-30 04:08:55,79097
MIDCPNIFTY,2026-02-24,14050.0,64.6,7320,17160,722.15,840,240,0.0,0.0,2026-01-30 04:08:55,86066
MIDCPNIFTY,2026-02-24,14075.0,60.7,3720,16560,0.0,0,0,0.0,0.0,2026-01-30 04:08:55,92999
MIDCPNIFTY,2026-02-24,14100.0,55.35,98880,385920,0.0,0,0,0.0,0.0,2026-01-30 04:08:55,99977
MIDCPNIFTY,2026-02-24,14125.0,51.55,6240,12000,0.0,0,0,0.0,0.0,2026-01-30 04:08:55,107728
MIDCPNIFTY,2026-02-24,14150.0,47.0,11040,26280,0.0,0,0,0.0,0.0,2026-01-30 04:08:55,114979
MIDCPNIFTY,2026-02-24,14175.0,43.4,9720,14880,0.0,0,0,0.0,0.0,2026-01-30 04:08:55,122277
MIDCPNIFTY,2026-02-24,14200.0,38.75,236400,643440,805.0,120,120,0.0,0.0,2026-01-30 04:08:55,129589
MIDCPNIFTY,2026-02-24,14225.0,36.45,2520,5520,0.0,0,0,0.0,0.0,2026-01-30 04:08:55,138357
MIDCPNIFTY,2026-02-24,14250.0,32.5,4440,8880,0.0,0,0,0.0,0.0,2026-01-30 04:08:55,146235
MIDCPNIFTY,2026-02-24,14275.0,29.9,2400,7320,0.0,0,0,0.0,0.0,2026-01-30 04:08:55,154128
MIDCPNIFTY,2026-02-24,14300.0,26.0,291240,512160,900.0,120,240,0.0,0.0,2026-01-30 04:08:55,162021
MIDCPNIFTY,2026-02-24,14325.0,21.55,480,6840,0.0,0,0,0.0,0.0,2026-01-30 04:08:55,171381
MIDCPNIFTY,2026-02-24,14350.0,22.0,6000,21600,0.0,0,0,0.0,0.0,2026-01-30 04:08:55,179997
MIDCPNIFTY,2026-02-24,14375.0,21.0,6960,9360,0.0,0,0,0.0,0.0,2026-01-30 04:08:55,188640
MIDCPNIFTY,2026-02-24,14400.0,18.3,124560,248640,970.0,120,120,0.0,0.0,2026-01-30 04:08:55,197301
MIDCPNIFTY,2026-02-24,14425.0,15.6,720,5760,0.0,0,0,0.0,0.0,2026-01-30 04:08:55,206477
MIDCPNIFTY,2026-02-24,14450.0,16.0,1080,3480,0.0,0,0,0.0,0.0,2026-01-30 04:08:55,215438
MIDCPNIFTY,2026-02-24,14475.0,0.0,0,0,0.0,0,0,0.0,0.0,2026-01-30 04:08:55,224404
MIDCPNIFTY,2026-02-24,14500.0,11.35,602040,637560,1048.95,5280,600,0.0,0.0,2026-01-30 04:08:55,233367
MIDCPNIFTY,2026-02-24,14525.0,10.7,480,1440,0.0,0,0,0.0,0.0,2026-01-30 04:08:55,243978
MIDCPNIFTY,2026-02-24,14550.0,127.0,120,0,0.0,0,0,0.0,0.0,2026-01-30 04:08:55,254462
MIDCPNIFTY,2026-02-24,14575.0,0.0,0,0,0.0,0,0,0.0,0.0,2026-01-30 04:08:55,264946
MIDCPNIFTY,2026-02-24,14600.0,8.5,48240,80160,0.0,0,0,0.0,0.0,2026-01-30 04:08:55,275430
MIDCPNIFTY,2026-02-24,14625.0,0.0,0,0,0.0,0,0,0.0,0.0,2026-01-30 04:08:55,286074
MIDCPNIFTY,2026-02-24,14650.0,154.8,120,0,0.0,0,0,0.0,0.0,2026-01-30 04:08:55,296678
MIDCPNIFTY,2026-02-24,14675.0,0.0,0,0,0.0,0,0,0.0,0.0,2026-01-30 04:08:55,307284
MIDCPNIFTY,2026-02-24,14700.0,5.75,67920,60000,0.0,0,0,0.0,0.0,2026-01-30 04:08:55,317888
MIDCPNIFTY,2026-02-24,14725.0,0.0,0,0,0.0,0,0,0.0,0.0,2026-01-30 04:08:55,328701
MIDCPNIFTY,2026-02-24,14750.0,0.0,0,0,0.0,0,0,0.0,0.0,2026-01-30 04:08:55,339475
MIDCPNIFTY,2026-02-24,14775.0,0.0,0,0,0.0,0,0,0.0,0.0,2026-01-30 04:08:55,350249
MIDCPNIFTY,2026-02-24,14800.0,0.0,0,0,0.0,0,0,0.0,0.0,2026-01-30 04:08:55,361023
MIDCPNIFTY,2026-02-24,14825.0,0.0,0,0,0.0,0,0,0.0,0.0,2026-01-30 04:08:55,371797
MIDCPNIFTY,2026-02-24,14900.0,4.85,4920,4440,0.0,0,0,0.0,0.0,2026-01-30 04:08:55,404118
MIDCPNIFTY,2026-02-24,15000.0,4.25,137160,106800,1436.35,720,0,0.0,0.0,2026-01-30 04:08:55,447266
MIDCPNIFTY,2026-02-24,15100.0,0.0,0,0,0.0,0,0,0.0,0.0,2026-01-30 04:08:55,491744
MIDCPNIFTY,2026-02-24,15200.0,3.25,4320,4560,1900.0,960,0,0.0,0.0,2026-01-30 04:08:55,536268
MIDCPNIFTY,2026-02-24,15300.0,3.15,3960,6120,0.0,0,0,0.0,0.0,2026-01-30 04:08:55,580663
MIDCPNIFTY,2026-02-24,15400.0,2.8,2520,3360,0.0,0,0,0.0,0.0,2026-01-30 04:08:55,625280
MIDCPNIFTY,2026-02-24,15500.0,2.4,30120,32280,2300.0,240,0,0.0,0.0,2026-01-30 04:08:55,669922
MIDCPNIFTY,2026-02-24,15600.0,2.45,4560,18720,2200.0,240,0,0.0,0.0,2026-01-30 04:08:55,714819
